{"cameraMode":{"drawMode":0,"name":"Shaded","section":"Shading Mode"},"sceneLighting":false,"audioPlay":false,"sceneViewState":{"m_AlwaysRefresh":false,"showFog":true,"showSkybox":false,"showFlares":true,"showImageEffects":true,"showParticleSystems":true,"showVisualEffectGraphs":true,"m_FxEnabled":true},"in2DMode":false,"pivot":{"x":-0.7201089859008789,"y":0.5994065999984741,"z":0.6336870193481445},"rotation":{"x":-0.17491480708122254,"y":0.0035384809598326685,"z":-0.0006530547980219126,"w":-0.9846338629722595},"size":4.126723289489746,"orthographic":false}